fecha_info,codigo_entidad,nombre_entidad,sector,tipo_persona,tipo_segmento,deudores_total,deudores_irregulares,pct_irregular_cantidad,credito_total_miles_pesos,credito_irregular_miles_pesos,pct_irregular_monto,registros_situacion_1,registros_situacion_2,registros_situacion_3,registros_situacion_4,registros_situacion_5,registros_situacion_11
202604,10303,F.F PRIVADO YATASTO,Financiero,persona_fisica,Familias,71502,71502,100.00,135823485.0,135823485.0,100.00,0,0,0,6,71496,0
202604,10556,FF PRIVADO CREVAL,Financiero,persona_fisica,Familias,3187,3187,100.00,396892.0,396892.0,100.00,0,0,0,0,3187,0
202604,10692,F.F. PRIVADO FRANKEL,Financiero,persona_fisica,Familias,116192,116192,100.00,114976556.0,114976556.0,100.00,0,0,0,0,116192,0
202604,10914,RECUPERO DE ACTIVOS FIDEICOMISO FINANCIERO,Financiero,persona_fisica,Familias,285097,285097,100.00,122290244.0,122290244.0,100.00,0,0,0,0,285097,0
202604,10922,Maipú Fideicomiso Financiero,Financiero,persona_fisica,Familias,9324,9324,100.00,6083553.0,6083553.0,100.00,0,0,0,43,9281,0
202604,10923,F.F. PRIVADO GREEN LIGHT,Financiero,persona_fisica,Familias,181219,181219,100.00,31538660.0,31538660.0,100.00,0,0,0,0,181219,0
202604,10924,CREDITIA FIDEICOMISO FINANCIERO,Financiero,persona_fisica,Familias,111572,111572,100.00,35733802.0,35733802.0,100.00,0,0,0,0,111572,0
202604,51003,FONDO DE GARANTÍAS ARGENTINO,No Financiero,persona_fisica,Familias,55811,55811,100.00,12534264.0,12534264.0,100.00,0,3,534,3357,51917,0
202604,55225,EXI S.A.,No Financiero,persona_fisica,Familias,41904,41904,100.00,16473749.0,16473749.0,100.00,0,0,974,6343,34587,0
202604,55256,MSA CREDITOS S.A.,No Financiero,persona_fisica,Familias,2729,2728,99.96,1114816.0,1114771.0,100.00,1,3,0,2,2723,0
202604,55265,CRE-DIN S. A.,No Financiero,persona_fisica,Familias,1514,1514,100.00,128603.0,128603.0,100.00,0,0,0,0,1514,0
202604,55449,FIDEICOMISO PRIVADO DE ADMINISTRACION CENFIDE,No Financiero,persona_fisica,Familias,147657,147657,100.00,87823107.0,87823107.0,100.00,0,0,0,0,147657,0
202604,55454,BIA SRL,No Financiero,persona_fisica,Familias,51010,51010,100.00,25832374.0,25832374.0,100.00,0,0,0,6,51004,0
202604,55466,AXXIA LENDING S.A.,No Financiero,persona_fisica,Familias,7277,7277,100.00,5301982.0,5301982.0,100.00,0,10,69,788,6410,0
202604,55495,SOCIEDAD DE CREDITO SA,No Financiero,persona_fisica,Familias,19381,19381,100.00,11345027.0,11345027.0,100.00,0,0,0,0,19381,0
202604,55538,CORDOBA VALORES S.A.,No Financiero,persona_fisica,Familias,1257,1257,100.00,318674.0,318674.0,100.00,0,0,0,3,1254,0
202604,10915,F.F. CENTURIA,Financiero,persona_fisica,Familias,3670,3663,99.81,386554.0,384791.0,99.54,7,0,0,4,3659,0
202604,70210,ITALCRED S.A.,No Financiero,persona_fisica,Familias,3120,3028,97.05,4659625.0,4628295.0,99.33,92,73,99,278,2578,0
202604,55405,Oneri Bilancio S.A.,No Financiero,persona_fisica,Familias,19348,17957,92.81,8750542.0,8653765.0,98.89,1391,1472,2449,4097,9939,0
202604,10628,F.F. PRIVADO ASSET RECOVERY 5,Financiero,persona_fisica,Familias,2835,2812,99.19,388636.0,380746.0,97.97,23,4,5,24,2779,0
202604,55388,CREDLAP S.A.,No Financiero,persona_fisica,Familias,9513,9052,95.15,14761238.0,14455083.0,97.93,461,233,560,1131,7128,0
202604,55465,Dar Prestamos S.A.,No Financiero,persona_fisica,Familias,1412,1347,95.40,380238.0,367482.0,96.65,65,20,79,459,789,0
202604,55317,BARSATEX S.A.,No Financiero,persona_fisica,Familias,48358,45970,95.06,10583752.0,10110732.0,95.53,2388,2932,3345,6108,33585,0
202604,55282,MINS LFE SAS,No Financiero,persona_fisica,Familias,52794,46871,88.78,34740980.0,32399698.0,93.26,5923,2303,2836,12974,28758,0
202604,55128,Crediser Argentina S.A.,No Financiero,persona_fisica,Familias,4412,4201,95.22,1071111.0,994320.0,92.83,211,191,255,467,3288,0
202604,55312,ABAN DIGITAL S.A.,No Financiero,persona_fisica,Familias,27244,19612,71.99,10683857.0,9630837.0,90.14,7632,2057,2994,5352,9209,0
202604,55049,Surfinan S.A.,No Financiero,persona_fisica,Familias,1548,1329,85.85,394945.0,354404.0,89.74,219,20,36,97,1176,0
202604,70154,TELEPEAJE S.A.,No Financiero,persona_fisica,Familias,2394,2252,94.07,206043.0,183306.0,88.96,142,44,356,671,1181,0
202604,50014,GARANTIZAR SGR,No Financiero,persona_fisica,Familias,1718,1453,84.58,10195294.0,9004860.0,88.32,265,212,260,367,614,0
202604,55075,IDUN INVERSIONES S.A.,No Financiero,persona_fisica,Familias,1392,1302,93.53,434022.0,378750.0,87.27,90,2,166,191,943,0
202604,55424,SOLUCIONES FINANCORP SA,No Financiero,persona_fisica,Familias,19128,16867,88.18,3151779.0,2666824.0,84.61,2261,638,1368,3055,11806,0
202604,55098,CONSUMO S.A.,No Financiero,persona_fisica,Familias,5165,3734,72.29,6618271.0,5521375.0,83.43,1431,295,444,1017,1978,0
202604,55166,Waynicoin S.A.,No Financiero,persona_fisica,Familias,67087,51077,76.14,63585569.0,52954299.0,83.28,16010,4547,4828,11569,30133,0
202604,70503,LOCRED SRL,No Financiero,persona_fisica,Familias,1703,1006,59.07,886719.0,736114.0,83.02,697,101,103,172,630,0
202604,55341,PROAVALAR S.R.L,No Financiero,persona_fisica,Familias,39766,34091,85.73,32966245.0,27194581.0,82.49,5675,2565,3038,5452,23036,0
202604,51001,FONDO DE GARANTÍAS BUENOS AIRES SAPEM (FOGABA SAPEM),No Financiero,persona_fisica,Familias,2655,2209,83.20,21394045.0,17300010.0,80.86,446,362,690,416,741,0
202604,72303,CREDIMAS S.A.,No Financiero,persona_fisica,Familias,16428,12204,74.29,11583238.0,9353978.0,80.75,4224,2155,1443,2495,6111,0
202604,55162,Aquiprestamos.com S.A.,No Financiero,persona_fisica,Familias,1036,926,89.38,34965.0,27565.0,78.84,110,5,4,2,915,0
202604,55091,CREDIAR S.A.,No Financiero,persona_fisica,Familias,26977,18347,68.01,36570095.0,28722615.0,78.54,8630,1691,1799,3954,10903,0
202604,55477,MERITE S.A.,No Financiero,persona_fisica,Familias,3422,2791,81.56,363248.0,283254.0,77.98,631,324,429,681,1357,0
202604,55513,IXPAY SA,No Financiero,persona_fisica,Familias,1737,1258,72.42,556249.0,433249.0,77.89,479,270,318,594,76,0
202604,55505,Cash Market SA,No Financiero,persona_fisica,Familias,20014,16198,80.93,5206831.0,3970889.0,76.26,3816,677,1901,4989,8631,0
202604,55100,BAZAR AVENIDA S.A.,No Financiero,persona_fisica,Familias,80219,46804,58.35,77986351.0,57743307.0,74.04,33415,4304,4814,11203,26483,0
202604,55001,Accicom S.A.,No Financiero,persona_fisica,Familias,6138,4025,65.58,1579035.0,1127639.0,71.41,2113,540,609,984,1892,0
202604,55339,MAEBA S.R.L.,No Financiero,persona_fisica,Familias,29334,21199,72.27,31593892.0,22446120.0,71.05,8135,2058,2040,3932,13169,0
202604,55370,CREDIL S.R.L.,No Financiero,persona_fisica,Familias,309322,216541,70.01,174699505.0,123689160.0,70.80,92781,15916,20523,40106,139996,0
202604,55298,ESPACIO DIGITAL S.A,No Financiero,persona_fisica,Familias,49993,39448,78.91,26782250.0,18858950.0,70.42,10545,2034,3036,9572,24806,0
202604,55579,DEAMPRO S.R.L.,No Financiero,persona_fisica,Familias,8772,6281,71.60,1695268.0,1170453.0,69.04,2491,350,503,1031,4397,0
202604,55023,Credifácil S.A.F. y M.,No Financiero,persona_fisica,Familias,41127,31204,75.87,11697905.0,8056101.0,68.87,9923,1951,3217,5658,20378,0
202604,72501,TDF S.A.,No Financiero,persona_fisica,Familias,5150,4288,83.26,1914590.0,1317662.0,68.82,862,67,2,966,3253,0
202604,55340,FINANPRO S.R.L.,No Financiero,persona_fisica,Familias,43664,30771,70.47,52956545.0,36339092.0,68.62,12893,2924,2757,5190,19900,0
202604,55450,PRESTY SRL,No Financiero,persona_fisica,Familias,2484,1439,57.93,1841819.0,1260854.0,68.46,1045,201,403,548,287,0
202604,70229,CONTAR S.A.,No Financiero,persona_fisica,Familias,4916,2484,50.53,2143640.0,1466624.0,68.42,2432,175,288,46,1975,0
202604,55025,Cuotitas S.A.,No Financiero,persona_fisica,Familias,18085,11444,63.28,19527244.0,13253108.0,67.87,6641,1076,1488,2987,5893,0
202604,55329,ALAU TECNOLOGIA S. A. U.,No Financiero,persona_fisica,Familias,18073,11473,63.48,4219662.0,2815972.0,66.73,6600,805,978,3643,6047,0
202604,55095,CRENAC S.A.,No Financiero,persona_fisica,Familias,5863,3680,62.77,2642890.0,1726178.0,65.31,2183,307,391,675,2307,0
202604,70903,Única compañía de Crédito S.A.,No Financiero,persona_fisica,Familias,17755,9334,52.57,9617213.0,6271237.0,65.21,8421,782,965,1665,5922,0
202604,55030,Fravega S.A.C.I. e I.,No Financiero,persona_fisica,Familias,110510,55050,49.81,108226086.0,68045918.0,62.87,55460,9840,11951,18569,14690,0
202604,55107,ARGENCRED S.A.,No Financiero,persona_fisica,Familias,95251,54948,57.69,34063675.0,21274950.0,62.46,40303,4941,6950,13949,29108,0
202604,55376,COMERPYSRL,No Financiero,persona_fisica,Familias,4480,2487,55.51,1129069.0,702669.0,62.23,1993,193,233,422,1639,0
202604,70212,CREDI-PAZ S.A.,No Financiero,persona_fisica,Familias,24483,12513,51.11,20094909.0,12499258.0,62.20,11970,1965,1392,2169,6987,0
202604,55011,Cetrogar S.A.,No Financiero,persona_fisica,Familias,164919,77398,46.93,123743235.0,75660208.0,61.14,87521,12360,10250,18343,36445,0
202604,55085,Moni Online S.A.,No Financiero,persona_fisica,Familias,96282,59425,61.72,45752674.0,27919957.0,61.02,36857,5725,6924,13039,33737,0
202604,55012,CFN SRL,No Financiero,persona_fisica,Familias,353201,193428,54.76,480695465.0,291509962.0,60.64,159773,21845,22155,55869,93559,0
202604,55381,CREDIGOL S.A.,No Financiero,persona_fisica,Familias,5873,3753,63.90,7447132.0,4505478.0,60.50,2120,508,491,986,1768,0
202604,55462,CORVALAN 1160 SA,No Financiero,persona_fisica,Familias,11278,9468,83.95,2259232.0,1364463.0,60.39,1810,702,880,1946,5940,0
202604,55015,Coppel S.A.,No Financiero,persona_fisica,Familias,43052,21453,49.83,55206190.0,33141219.0,60.03,21599,3606,3153,5439,9255,0
202604,71803,VISION S.A.,No Financiero,persona_fisica,Familias,3203,1787,55.79,1942137.0,1163967.0,59.93,1416,407,177,301,902,0
202604,55514,CARTASUR CARDS S.A.U,No Financiero,persona_fisica,Familias,122929,79010,64.27,130723997.0,78072690.0,59.72,43919,6383,9624,19159,43844,0
202604,72133,CREDIFIAR S.A.,No Financiero,persona_fisica,Familias,3140,1581,50.35,1549080.0,920516.0,59.42,1559,285,185,465,646,0
202604,55027,ELECTRONICA MEGATONE SRL,No Financiero,persona_fisica,Familias,346275,149300,43.12,325918677.0,193288916.0,59.31,196975,20773,21256,40106,67165,0
202604,72306,VALLE FERTIL S.A.,No Financiero,persona_fisica,Familias,173348,81410,46.96,159319167.0,93546914.0,58.72,91938,9540,8207,2440,61223,0
202604,55425,MOOVITECH S.A.,No Financiero,persona_fisica,Familias,8802,5857,66.54,3803687.0,2226312.0,58.53,2945,454,915,1031,3457,0
202604,00332,BANCO DE SERVICIOS FINANCIEROS CARREFOUR SAU,Financiero,persona_fisica,Familias,514754,248714,48.32,446852377.0,260732177.0,58.35,266040,28134,38222,91403,90955,0
202604,00277,BANCO SAENZ S.A.,Financiero,persona_fisica,Familias,43376,20390,47.01,34680399.0,20184222.0,58.20,22986,3429,4584,6947,5430,0
202604,55009,Carsa S.A.,No Financiero,persona_fisica,Familias,63469,32837,51.74,26886187.0,15634690.0,58.15,30632,3915,3090,6288,19544,0
202604,44077,COMPAÑIA FINANCIERA ARGENTINA S.A.,Financiero,persona_fisica,Familias,128001,83733,65.42,85417955.0,49096645.0,57.48,44268,4742,6543,10759,61689,0
202604,55463,MILLASA S.A.,No Financiero,persona_fisica,Familias,1687,851,50.44,966024.0,552903.0,57.23,836,250,268,275,58,0
202604,55213,Multiplycard S.A.,No Financiero,persona_fisica,Familias,35248,19371,54.96,17494386.0,9899874.0,56.59,15877,1720,2148,3529,11974,0
202604,55096,FINANCIACIONES CUYO S.A.,No Financiero,persona_fisica,Familias,21870,14054,64.26,5076582.0,2848662.0,56.11,7816,1357,1387,3203,8107,0
202604,55296,SANTANDER CONSUMER SA,No Financiero,persona_fisica,Familias,271317,140371,51.74,214424428.0,119748577.0,55.85,130946,23642,29720,40986,46023,0
202604,72126,CREDISOL S.A.,No Financiero,persona_fisica,Familias,6081,3612,59.40,876225.0,485218.0,55.38,2469,835,411,486,1880,0
202604,55136,Vento Capital S.A.,No Financiero,persona_fisica,Familias,8307,5073,61.07,8011353.0,4432352.0,55.33,3234,410,714,1552,2397,0
202604,55574,"Cooperativa de Vivienda, Crédito y Consumo Finadi Limitada",No Financiero,persona_fisica,Familias,36036,21258,58.99,10754258.0,5915161.0,55.00,14778,1639,2713,6150,10756,0
202604,65203,CRÉDITO REGIONAL COMPAÑÍA FINANCIERA S.A.U.,No Financiero,persona_fisica,Familias,13559,10691,78.85,6843266.0,3746127.0,54.74,2868,432,816,1379,8064,0
202604,55142,Emprendimiento La Luisina SRL,No Financiero,persona_fisica,Familias,46877,29661,63.27,25503767.0,13905057.0,54.52,17216,3129,3905,5553,17074,0
202604,55287,COBRO FACIL SRL,No Financiero,persona_fisica,Familias,1450,883,60.90,427116.0,229135.0,53.65,567,177,133,154,419,0
202604,55330,CREDILOW S.A.,No Financiero,persona_fisica,Familias,7026,3528,50.21,4200980.0,2231964.0,53.13,3498,545,651,1021,1311,0
202604,00384,UALA BANK S.A.U.,Financiero,persona_fisica,Familias,290936,94422,32.45,313945140.0,163635387.0,52.12,196514,14273,21056,56559,2534,0
202604,55507,FINANZAS DIGITALES SAS,No Financiero,persona_fisica,Familias,283105,146086,51.60,19389249.0,10065124.0,51.91,137019,42556,78038,25238,254,0
202604,55028,Favanet S.A.,No Financiero,persona_fisica,Familias,35576,17677,49.69,34260406.0,17272616.0,50.42,17899,2292,2091,4555,8739,0
202604,55294,CREDITECH SA,No Financiero,persona_fisica,Familias,80859,36592,45.25,137743909.0,68000270.0,49.37,44267,6258,6760,12114,11460,0
